direction,relation,relex_relcos,sentence,term1,term2
INFECTIOUS MONONUCLEOSIS causes LYMPHADENOPATHY,causes,1.0,"Painless LYMPHADENOPATHY can also result from INFECTIOUS MONONUCLEOSIS toxoplasmosis, cytomegalovirus, or leukemia.",LYMPHADENOPATHY,INFECTIOUS MONONUCLEOSIS
no_relation,causes,0.995893206467704,"Rationale: • Lack of thiamine, combined with a relative state of poor nutrition postoperatively, can lead to WERNICKE KORSAKOFF SYNDROME presenting acutely as altered mental status, ophthalmoplegia, ATAXIA and memory disorders.",ATAXIA,WERNICKE KORSAKOFF SYNDROME
BLASTOMYCES DERMATITIDIS causes PULMONARY AND EXTRAPULMONARY BLASTOMYCOSIS,causes,0.988371697650617,423  Blastomycosis  Treatment of PULMONARY AND EXTRAPULMONARY BLASTOMYCOSIS caused by  BLASTOMYCES DERMATITIDIS,PULMONARY AND EXTRAPULMONARY BLASTOMYCOSIS,BLASTOMYCES DERMATITIDIS
CALYMMATOBACTERIUM GRANULOMATIS causes GRANULOMA INGUINALE,causes,0.99654575824488,GRANULOMA INGUINALE  (Donovanosis)  GRANULOMA INGUINALE is a progressive infection of genital skin caused by  CALYMMATOBACTERIUM GRANULOMATIS,GRANULOMA INGUINALE,CALYMMATOBACTERIUM GRANULOMATIS
CALYMMATOBACTERIUM GRANULOMATIS causes GRANULOMA INGUINALE,causes,0.9128709291752768,102  Granuloma Inguinale (Donovanosis)  Treatment of GRANULOMA INGUINALE (donovanosis) caused by  CALYMMATOBACTERIUM GRANULOMATIS,GRANULOMA INGUINALE,CALYMMATOBACTERIUM GRANULOMATIS
BLADDER CANCER causes HEMATURIA,causes,0.8082903768654759,"• HEMATURIA can precede the diagnosis of BLADDER CANCER by several years according to a retrospective review of 20,571 men and women enrolled in a large prepaid health plan in California ( 53.",HEMATURIA,BLADDER CANCER
BACTERIA causes INFECTIVE ENDOCARDITIS,causes,0.971285862357264,"INFECTIVE ENDOCARDITIS  INFECTIVE ENDOCARDITIS is infection of the endocardium, usually with BACTERIA (commonly, streptococci and staphylococci) or fungi.",INFECTIVE ENDOCARDITIS,BACTERIA
PHEOCHROMOCYTOMA CRISIS causes HYPERTHERMIA,causes,0.485642931178632,"The HYPERTHERMIA that may accompany thyroid storm and PHEOCHROMOCYTOMA CRISIS also results from increased heat production, triggered in these cases by the calorigenic properties of thyroid hormones  11   and catecholamines.",HYPERTHERMIA,PHEOCHROMOCYTOMA CRISIS
ENDOMETRIOMAS causes PAIN,causes,0.9578262852211508,SURGICAL EXCISION OF OVARIAN MASSES  Ovarian Endometriosis Cysts (Endometriomas)  ENDOMETRIOMAS require surgical excision if they cause PAIN or become enlarged.,PAIN,ENDOMETRIOMAS
no_relation,causes,0.5669467095138411,"Abdominal pain related to serositis, vasculitis, or panniculitis may occur with SLE Physical exam  Musculoskeletal exam  ARTHRITIS is a feature of both SLE and WG Physical exam  Peripheral vascular exam  Asymmetry of pulses or the presence of vascular bruits may suggest vasculitis or large vessel arterial disease.",ARTHRITIS,SLE
no_relation,causes,0.3939192986,"Here we report an additional case of this tumor in a Chinese 78-year-old man presented with abdominal pain, VOMITING, and HEMATEMESIS",VOMITING,HEMATEMESIS
no_relation,causes,0.6324555320336761,TRIGEMINAL NEURALGIA involving the first ophthalmic division can be a consideration where trigger zones and a response to CARBAMAZEPINE may be present.,TRIGEMINAL NEURALGIA,CARBAMAZEPINE
DEFICIENCY causes HEREDITARY FRUCTOSE INTOLERANCE,causes,0.99654575824488,Fructose 1 phosphate aldolase (aldolase B) deficiency:  This DEFICIENCY causes the clinical syndrome of HEREDITARY FRUCTOSE INTOLERANCE,DEFICIENCY,HEREDITARY FRUCTOSE INTOLERANCE
no_relation,causes,0.338061701891407,131  Individuals with ACUTE TYPHOID INFECTION and those who are chronic typhoid carriers should  not  receive TYPHOID VACCINE,ACUTE TYPHOID INFECTION,TYPHOID VACCINE
no_relation,causes,0.520755643923296,"In persons older than 20 years in whom ophthalmoplegia is the predominant phenotype, KSS is classified as CHRONIC PROGRESSIVE EXTERNAL OPHTHALMOPLEGIA (CPEO.",CHRONIC PROGRESSIVE EXTERNAL OPHTHALMOPLEGIA,KSS
no_relation,causes,0.9113223768657672,Specific recommendation: • Distinguish SEPSIS from other causes of SIRS,SIRS,SEPSIS
ESSENTIAL THROMBOCYTHEMIA causes HIGH PLATELET COUNTS,causes,0.953998092,"ESSENTIAL THROMBOCYTHEMIA (ET) in an 11-year-old dog was characterized by persistently HIGH PLATELET COUNTS (range, 4.19 X 10(6)/microliters to 4.95 X 10(6)/microliters, abnormal platelet morphology, marked megakaryocytic hyperplasia in the bone marrow, absence of circulating megakaryoblasts, and history of splenomegaly and gastrointestinal bleeding",HIGH PLATELET COUNTS,ESSENTIAL THROMBOCYTHEMIA
ADRENAL PHEOCHROMOCYTOMA causes PERIODIC ALTERNATING HYPERTENSION,causes,0.843274042711568,We present a patient with an ADRENAL PHEOCHROMOCYTOMA with an unusual pattern of PERIODIC ALTERNATING HYPERTENSION and hypotension.,PERIODIC ALTERNATING HYPERTENSION,ADRENAL PHEOCHROMOCYTOMA
DISEASE (SUBACUTE NECROTIZING ENCEPHALOMYELOPATHY) causes DYSTONIA,causes,0.936329177569044,"A case of Leigh's DISEASE (SUBACUTE NECROTIZING ENCEPHALOMYELOPATHY) is reported with such noteworthy features as early onset, DYSTONIA paraparesis the presence of low attenuation areas in both basal ganglias on computerized tomography of the brain and the presence of a high signal intensity in both basal ganglias in T2 weighted image by MR. The electron microscopic findings of muscle biopsy are suggestive of pleoconial mitochondrial myopathy.",DYSTONIA,DISEASE (SUBACUTE NECROTIZING ENCEPHALOMYELOPATHY)
BRUCELLOSIS causes BRUCELLA MELITENSIS,causes,0.913811548620257,Treatment of BRUCELLOSIS   +    caused by  BRUCELLA MELITENSIS.,BRUCELLOSIS,BRUCELLA MELITENSIS
STURGE-WEBER SYNDROME causes GLAUCOMA,causes,0.629940788348712,"The results of our data can serve as a guide for estimating relative risk figures for seizures, GLAUCOMA, and mental retardation in children with STURGE-WEBER SYNDROME",GLAUCOMA,STURGE-WEBER SYNDROME
ENDOMETRIOSIS causes CHRONIC PELVIC PAIN,causes,1.0,Comments: • Note that adhesions and some cases of ENDOMETRIOSIS both of which are causes of CHRONIC PELVIC PAIN may not have ultrasound manifestations.,CHRONIC PELVIC PAIN,ENDOMETRIOSIS
no_relation,causes,0.40824829046386296,"CONCLUSION  In older patients with ATRIAL FIBRILLATION who were receiving WARFARIN THERAPY at hospital discharge, a bleeding risk model predicted major bleeding.",ATRIAL FIBRILLATION,WARFARIN THERAPY
ADRENAL CARCINOMA causes RAPID ONSET VIRILIZATION,causes,0.866921446863011,"ADRENAL CARCINOMA often presents with RAPID ONSET VIRILIZATION; it is often associated with systemic symptoms such as fatigue, weakness, and weight loss.",RAPID ONSET VIRILIZATION,ADRENAL CARCINOMA
no_relation,causes,0.676123403782813,"Human alpha fetoproteins were purified from umbilical cord serum and from ASCITES FLUID of a patient with HEPATOMA by affinity chromatography, and their chemical compositions and terminal sequences were compared.",ASCITES FLUID,HEPATOMA
MASTOCYTOSIS causes HYPERPLASIA IN THE BONE MARROW LIVER SPLEEN LYMPH,causes,0.9282791216329142,"MASTOCYTOSIS is a heterogeneous group of disorders characterized by mast cell HYPERPLASIA IN THE BONE MARROW LIVER SPLEEN LYMPH nodes, gastrointestinal tract, and skin.",HYPERPLASIA IN THE BONE MARROW LIVER SPLEEN LYMPH,MASTOCYTOSIS
BALANTIDIUM COLI causes BALANTIDIASIS,causes,0.971285862357264,"122 ,   123 ,   i  Balantidiasis  Treatment of BALANTIDIASIS   +    caused by  BALANTIDIUM COLI ; drug of choice.",BALANTIDIASIS,BALANTIDIUM COLI
no_relation,causes,0.7559289460184542,"However, in 75% of the dogs with CUSHING'S SYNDROME EXOGENOUS DEXAMETHASONE was cleared completely in the 3 hour test.",CUSHING'S SYNDROME,EXOGENOUS DEXAMETHASONE
DIABETES causes DIABETIC NEUROPATHY,causes,1.0,DIABETIC NEUROPATHY is the most frequent complication of DIABETES and the leading cause of polyneuropathy in the Western world.,DIABETIC NEUROPATHY,DIABETES
no_relation,causes,0.33541019662496896,"Gorkin JU, Elijovich F, Dziedzic SW et al. Addition of ACEBUTOLOL TO DIURETICS IN HYPERTENSION",HYPERTENSION,ACEBUTOLOL TO DIURETICS IN
ANTIBIOTIC ASSOCIATED DIARRHEA AND COLITIS causes MILD DIARRHEA TO FATAL COLITIS,causes,0.8660254037844392,"100 ,   101 ,   102 ,   103 ,   104 ,   105    C. difficile  associated diarrhea and colitis (CDAD; also known as ANTIBIOTIC ASSOCIATED DIARRHEA AND COLITIS or pseudomembranous colitis) has been reported with nearly all anti infectives, including lincomycin, and may range in severity from MILD DIARRHEA TO FATAL COLITIS.",MILD DIARRHEA TO FATAL COLITIS,ANTIBIOTIC ASSOCIATED DIARRHEA AND COLITIS
CUTANEOUS VESSEL VASODILATION causes BLOOD FLOW INCREASED,causes,0.9594032236002472,Hoku acupuncture also increased palm temperature suggesting that the BLOOD FLOW INCREASED from CUTANEOUS VESSEL VASODILATION.,CUTANEOUS VESSEL VASODILATION,BLOOD FLOW INCREASED
no_relation,causes,0.4574957109978139,"• About 80% of stones contain calcium, and about 80% OF CALCIUM STONES are composed mostly of calcium oxalate; the rest are CALCIUM PHOSPHATE",80% OF CALCIUM STONES,CALCIUM PHOSPHATE
no_relation,causes,0.904194430179465,Lacunes consist of small vascular lesions with a volume of between 2 and about 30 mm. These lacunar infarctions are determined by an ISCHEMIA caused by obstructive diseases of small terminal VESSELS in the deep areas of the brain.,VESSELS,ISCHEMIA
FIBROMYALGIA causes SIGNIFICANTLY LOWER PRESSURE PAIN THRESHOLDS AT 18,causes,0.997054485501582,"Women with FIBROMYALGIA displayed SIGNIFICANTLY LOWER PRESSURE PAIN THRESHOLDS AT 18 tender point locations as defined by the American College of Rheumatology criteria, as well as lower pressure pain thresholds at five control sites.",SIGNIFICANTLY LOWER PRESSURE PAIN THRESHOLDS AT 18,FIBROMYALGIA
no_relation,causes,0.338061701891407,"With α methyldopa type AIHA, hemolysis usually ceases within 3 wk; however, a positive Coombs' test may persist for > 1 yr. With HAPTEN MEDIATED AIHA HEMOLYSIS ceases when the drug is cleared from the plasma.",HEMOLYSIS,HAPTEN MEDIATED AIHA
no_relation,causes,0.707106781186547,"b ,   c ,   144  A positive reaction may indicate latent infection, prior infection, and/or  M TUBERCULOSIS  disease and may not indicate ACTIVE TB;  c ,   d   individuals with a positive reaction should be considered positive by current public health guidelines and referred for further medical evaluation.",ACTIVE TB,M TUBERCULOSIS
PHEOCHROMOCYTOMA causes HEADACHE,causes,0.90913729009699,"Combinations of symptoms can be of value: 2 or more symptoms from the triad of HEADACHE palpitations, and diaphoresis were present in the majority of pheochromocytoma patients, but in a smaller number of non PHEOCHROMOCYTOMA patients.",HEADACHE,PHEOCHROMOCYTOMA
no_relation,causes,0.547722557505166,"However, despite the additional information provided by MRI, mammography is still an extremely important diagnostic imaging modality, particularly for several common conditions such as ductal carcinoma IN SITU (DCIS) where it has been shown that there is a strong correlation between MICROCALCIFICATION CLUSTERS and malignancy.",MICROCALCIFICATION CLUSTERS,IN SITU (DCIS
no_relation,causes,0.4,"Infectious causes of conjunctivitis should always be investigated, but ALLERGIES and HYPERSENSITIVITY also should be considered if the history is appropriate",ALLERGIES,HYPERSENSITIVITY
MIGRAINE causes HEADACHE,causes,0.830747160735697,"66   This MIGRAINE occurs in adolescents and young adults; typically presents as visual loss or aura, vertigo, ataxia, dysarthria, and dysesthesia lasting up to 45 minutes; and is always followed by a throbbing HEADACHE frequently with vomiting.",HEADACHE,MIGRAINE
no_relation,causes,0.7947194142390258,These results showed that high LAPTM4B expression was associated with progression of ovarian carcinoma and correlated with UNFAVORABLE CLINICAL OUTCOME suggesting that LAPTM4B may be a clinically useful prognostic indicator for OVARIAN CARCINOMA,UNFAVORABLE CLINICAL OUTCOME,OVARIAN CARCINOMA
PART OF WAGR SYNDROME causes MILD TO MODERATE INTELLECTUAL DISABILITY,causes,0.737209780774486,"Although MILD TO MODERATE INTELLECTUAL DISABILITY is usually considered PART OF WAGR SYNDROME (Wilms' tumour (WT), Aniridia, Genital abnormalities, and metal Retardation, due to 11p13 deletion) the neuropsychological profile of the syndrome is little reported in the literature.",MILD TO MODERATE INTELLECTUAL DISABILITY,PART OF WAGR SYNDROME
no_relation,causes,0.707106781186548,"It also interferes with glucose uptake of the organism.[28]  [edit] Special circumstances in management therapy [edit] Drug use during pregnancy and lactation  Pregnant patients who are infected but asymptomatic are advised not to receive treatment for GIARDIA because there are underlying risks in current therapies.[28] For instance, METRONIDAZOLE is rapidly absorbed and easily enters fetal circulation.",GIARDIA,METRONIDAZOLE
no_relation,causes,0.824163383692134,"This indicates that OPN may contribute to LYMPH NODE METASTASIS and its advancement, and that the OPN level in METASTATIC LESION may be a prognostic indicator in uterine cervical cancers",METASTATIC LESION,LYMPH NODE METASTASIS
no_relation,causes,0.7559289460184542,"COMMENTARY  In a very diverse group of patients, with equally diverse risks for seizure recurrence, Marson and colleagues compared early and deferred AED treatment after a first SEIZURE or an early diagnosis of EPILEPSY",SEIZURE,EPILEPSY
no_relation,causes,0.50709255283711,"POSTINFLAMMATORY HYPERPIGMENTATION pityriasis rosea, lichen planus, fixed drug eruption, Addison disease, pinta, syphilis, macular amyloidosis, HEMOCHROMATOSIS and argyria must be distinguished from EDP.",POSTINFLAMMATORY HYPERPIGMENTATION,HEMOCHROMATOSIS
MYCOBACTERIUM LEPRAE causes LEPROSY,causes,1.0,"Hansen's bacillus    (            audio )  [Gerhard H. A. Hansen, Norwegian physician, 1841 1912]  MYCOBACTERIUM LEPRAE  the cause of LEPROSY which Hansen discovered in 1871.",LEPROSY,MYCOBACTERIUM LEPRAE
no_relation,causes,0.919145030018058,"Vomiting, HEPATOMEGALY poor growth, lethargy, diarrhea, and septicemia (usually  Escherichia coli ) develop, as does renal dysfunction (eg, proteinuria, aminoaciduria, FANCONI SYNDROME leading to metabolic acidosis and edema.",HEPATOMEGALY,FANCONI SYNDROME
MERALGIA PARESTHETICA causes PAIN,causes,1.0,"No trauma history in MERALGIA PARESTHETICA Multiple sclerosis  Generally optic neuritis, intranuclear ophthalmoplegia, sensorimotor or cerebellar symptoms before pain, but PAIN can be the presenting symptom.",PAIN,MERALGIA PARESTHETICA
no_relation,causes,0.753778361444409,"Unfortunately the nutritional adequacy of the postoperative diet has frequently been overlooked, and in the months to years that follow, NUTRITIONAL DEFICIENCIES have become apparent, including PROTEIN CALORIE MALNUTRITION and various vitamin and mineral deficiencies contributing to medical illnesses and limiting optimal health.",PROTEIN CALORIE MALNUTRITION,NUTRITIONAL DEFICIENCIES
YELLOW NAIL SYNDROME causes YELLOW NAILS,causes,0.7947194142390258,"all patients with ovarian mass, ascites, and pleural effusion are inoperable; diagnosis requires disappearance of ascites and effusion postoperatively YELLOW NAIL SYNDROME Triad of pleural effusion, lymphedema, and YELLOW NAILS; elements may appear decades apart; pleural fluid has relatively high protein but low LDH; effusion tends to recur, and there is no pleuritic chest pain   Table 60 3.",YELLOW NAIL SYNDROME,YELLOW NAILS
ENDOMETRIAL CANCER causes POSTMENOPAUSAL BLEEDING,causes,0.676123403782813,? Patients who have normal ovulatory cycles without irregular bleeding or are postmenopausal without POSTMENOPAUSAL BLEEDING are at low risk for having ENDOMETRIAL CANCER,POSTMENOPAUSAL BLEEDING,ENDOMETRIAL CANCER
LOFFLER'S SYNDROME causes PERIPHERAL BLOOD EOSINOPHILIA,causes,0.964763821237732,"LOFFLER'S SYNDROME  LOFFLER'S SYNDROME is characterized by absent or mild respiratory symptoms, fleeting migratory pulmonary opacities, and PERIPHERAL BLOOD EOSINOPHILIA",PERIPHERAL BLOOD EOSINOPHILIA,LOFFLER'S SYNDROME
GRAM NEGATIVE SEPSIS causes SYSTEMIC INFLAMMATORY RESPONSE SYNDROME,causes,0.99654575824488,"During GRAM NEGATIVE SEPSIS endotoxin lipopolysaccharide (LPS) may activate host inflammatory responses, resulting in the SYSTEMIC INFLAMMATORY RESPONSE SYNDROME and the adult respiratory distress syndrome.",SYSTEMIC INFLAMMATORY RESPONSE SYNDROME,GRAM NEGATIVE SEPSIS
no_relation,causes,0.303045763365663,Persistent infection of the UTERINE CERVIX with high risk human papillomaviruses (HPV) is causally associated with CANCER OF THE CERVIX,UTERINE CERVIX,CANCER OF THE CERVIX
ARTHRITIS causes JOINTS,causes,0.43301270189221897,ARTHRITIS developed in all JOINTS in which the prosthesis elongated or broke.,JOINTS,ARTHRITIS
no_relation,causes,0.441726104299386,The histological finding of PSAMMOMA BODIES is important in the diagnosis of DUODENAL SOMATOSTATINOMAS,PSAMMOMA BODIES,DUODENAL SOMATOSTATINOMAS
no_relation,causes,0.707106781186547,"1   If the tachycardia is regular and comparison with a baseline electrocardiogram shows that the QRS complex is identical to that during sinus rhythm, the patient may have supraventricular TACHYCARDIA (SVT) with bundle branch block (BBB) or antidromic ATRIOVENTRICULAR REENTRANT TACHYCARDIA (AVRT.",TACHYCARDIA,ATRIOVENTRICULAR REENTRANT TACHYCARDIA
NICOTINE causes DEPENDENT SMOKERS,causes,0.8846517369293829,"Contrary to our previous findings that cimetidine decreased the total body clearance of nicotine by 30% in a population of non smokers, in the heavily DEPENDENT SMOKERS cimetidine did not appear to alter NICOTINE elimination.",NICOTINE,DEPENDENT SMOKERS
CONVENTIONAL INTENSITY WARFARIN THERAPY treats RECURRENT VENOUS THROMBOEMBOLISM,treats,0.9950371902099888,Comparison of low intensity warfarin therapy with CONVENTIONAL INTENSITY WARFARIN THERAPY for long term prevention of RECURRENT VENOUS THROMBOEMBOLISM,RECURRENT VENOUS THROMBOEMBOLISM,CONVENTIONAL INTENSITY WARFARIN THERAPY
CLINDAMYCIN VS PYRIMETHAMINE treats TOXOPLASMIC ENCEPHALITIS,treats,0.9970544855015808,"Katlama C, De Wit S, O'Doherty E et al. Pyrimethamine CLINDAMYCIN VS PYRIMETHAMINE sulfadiazine as acute and long term therapy for TOXOPLASMIC ENCEPHALITIS in patients with AIDS.",TOXOPLASMIC ENCEPHALITIS,CLINDAMYCIN VS PYRIMETHAMINE
URSODIOL treats GALLSTONES,treats,0.971285862357264,"Successful dissolution of gallstones with URSODIOL occurs rarely in patients with calcified GALLSTONES prior to treatment, those who develop stone calcification or gallbladder nonvisualization during treatment, and those with gallstones &gt;20 mm in greatest diameter.",GALLSTONES,URSODIOL
FOLIC ACID treats NEURAL TUBE DEFECTS,treats,0.99654575824488,The results of the MRC Vitamin Study have established the specific role of FOLIC ACID in the prevention of NEURAL TUBE DEFECTS,NEURAL TUBE DEFECTS,FOLIC ACID
no_relation,treats,0.337526370277807,MYCOBACTERIUM KANSASII and Other MYCOBACTERIAL INFECTIONS  Treatment of  M. kansasii    +    infections in conjunction with other antimycobacterials.,MYCOBACTERIAL INFECTIONS,MYCOBACTERIUM KANSASII
INTRAVENOUS DANTROLENE treats MALIGNANT HYPERTHERMIA,treats,0.557086014531156,In one group of four pigs sensitive to MALIGNANT HYPERTHERMIA (MHS) a dose response to INTRAVENOUS DANTROLENE was determined by quantitation of toe twitch tension.,MALIGNANT HYPERTHERMIA,INTRAVENOUS DANTROLENE
RIFAPENTINE treats PULMONARY TUBERCULOSIS,treats,1.0,"Tam CM, Chan SL, Lam CW et alRIFAPENTINE and isoniazid in the continuation phase of treating PULMONARY TUBERCULOSIS",PULMONARY TUBERCULOSIS,RIFAPENTINE
[IV AMPHOTERICIN B] treats [CULTURE PROVEN CANDIDEMIA],treats,0.9838699100999068,Voriconazole has proven to be as effective as a regimen of [IV AMPHOTERICIN B] followed by oral fluconazole in patients with [CULTURE PROVEN CANDIDEMIA],[CULTURE PROVEN CANDIDEMIA],[IV AMPHOTERICIN B]
INSULIN THERAPY treats TYPE 2 DIABETES,treats,0.986393923832143,"Unfortunately, the majority of CKD patients with TYPE 2 DIABETES eventually require INSULIN THERAPY.",TYPE 2 DIABETES,INSULIN THERAPY
1 MG DEXAMETHASONE SUPPRESSION treats CUSHING'S SYNDROME,treats,0.34874291623145803,"• In evaluating women for CUSHING'S SYNDROME vs. polycystic ovary syndrome, 1 MG DEXAMETHASONE SUPPRESSION or midnight cortisol was found to have better discriminatory ability than UFC ( 51.",CUSHING'S SYNDROME,1 MG DEXAMETHASONE SUPPRESSION
no_relation,treats,0.474341649,"prolonged QT interval, torsades de pointes)  1  Concomitant use contraindicated  1    Digoxin Increased digoxin plasma concentrations  1  If used concomitantly, monitor digoxin plasma concentrations  1    Ergot alkaloids (ergotamine, dihydroergotamine) Possible pharmacokinetic interaction (increased plasma concentrations of ergot alkaloids resulting in ergotism)  1  Concomitant use contraindicated  1    Glipizide No clinically important pharmacokinetic interactions; HYPOGLYCEMIA reported  1  Dosage adjustments not needed; monitor BLOOD GLUCOSE CONCENTRATIONS according to current recommendations for patients with diabetes  1    Halofantrine.",HYPOGLYCEMIA,BLOOD GLUCOSE CONCENTRATIONS
no_relation,treats,0.668153104781061,"Among the compounds tested, 1 (2 hydroxy 3 (4 phenylpiperidin 1 yl) propylpyrrolidin 2 one (5) was the most active in the PROPHYLACTIC ANTIARRHYTHMIC ACTIVITY in ADRENALINE INDUCED ARRHYTHMIA in anesthetized rats.",ADRENALINE INDUCED ARRHYTHMIA,PROPHYLACTIC ANTIARRHYTHMIC ACTIVITY
AMPHOTERICIN B treats NEUTROPENIA,treats,0.9918365981341752,"The study by Boogaerts and colleagues, although limited by its open design and a slightly older amphotericin B patient group, showed that empiric itraconazole was as effective as empiric AMPHOTERICIN B for eliminating fever and NEUTROPENIA in patients with hematologic cancer.",NEUTROPENIA,AMPHOTERICIN B
OLANZAPINE treats DEMENTIA RELATED PSYCHOSIS,treats,0.9332565253,"Safety and efficacy not established in children   1 ,   35  Geriatric Use  Safety in patients ≥65 years of age with schizophrenia does not appear to differ from that in younger adults with schizophrenia; however, tolerability profile of OLANZAPINE in geriatric patients with DEMENTIA RELATED PSYCHOSIS may differ from that in younger patients with schizophrenia.",DEMENTIA RELATED PSYCHOSIS,OLANZAPINE
no_relation,treats,0.811107105653813,Treatment with C1 inhibitor concentrate in ABDOMINAL PAIN attacks of patients with HEREDITARY ANGIOEDEMA,ABDOMINAL PAIN,HEREDITARY ANGIOEDEMA
CALCITONIN treats HYPERCALCEMIA OF MALIGNANCY,treats,0.9878291611472622,"Other agents used in the second line treatment of HYPERCALCEMIA OF MALIGNANCY include plicamycin, CALCITONIN gallium nitrate, and the glucocorticoids.",HYPERCALCEMIA OF MALIGNANCY,CALCITONIN
AMPICILLIN treats SALMONELLA ISOLATES,treats,0.843274042711568,"SALMONELLA ISOLATES were found to be susceptible to chloramphenicol, kanamycin, AMPICILLIN and tetracycline.",SALMONELLA ISOLATES,AMPICILLIN
ERGONOVINE treats VASOSPASTIC ANGINA,treats,0.936585811581694,"To investigate the mechanism of coronary spasm, we compared the action of acetylcholine with that of ERGONOVINE in 11 patients with VASOSPASTIC ANGINA and in 15 patients with chest pain (group 2",VASOSPASTIC ANGINA,ERGONOVINE
ALPRAZOLAM treats PANIC DISORDER,treats,0.997458699830735,"Nagy LM, Krystal JH, Woods SW et al. Clinical and medication outcome after short term ALPRAZOLAM and behavioral group treatment of PANIC DISORDER",PANIC DISORDER,ALPRAZOLAM
DIETHYLENETRIAMINEPENTAACETIC ACID treats TUMORS,treats,0.9258200997725508,Antibodies modified on the oligosaccharides with either a peptide labeled with iodine 125 or a DIETHYLENETRIAMINEPENTAACETIC ACID chelate with indium 111 localize into target TUMORS more efficiently than the same antibody radiolabeled on either tyrosines or lysines.,TUMORS,DIETHYLENETRIAMINEPENTAACETIC ACID
[RIBOFLAVIN] treats [MIGRAINE],treats,0.997458699830735,"[RIBOFLAVIN] has been rigorously studied and has demonstrated a reduction of [MIGRAINE] days and hours by 44%, although with no reduction in intensity of the headache.",[MIGRAINE],[RIBOFLAVIN]
METHENAMINE HIPPURATE treats SYMPTOMATIC URINARY TRACT INFECTION,treats,0.964763821237732,The incidence of SYMPTOMATIC URINARY TRACT INFECTION also decreased during treatment with METHENAMINE HIPPURATE,SYMPTOMATIC URINARY TRACT INFECTION,METHENAMINE HIPPURATE
no_relation,treats,0.6019292654288461,METHOTREXATE followed by misoprostol may also be used to terminate early PREGNANCY,PREGNANCY,METHOTREXATE
FLUTICASONE PROPIONATE AEROSOL treats MILD TO MODERATE ASTHMA,treats,1.0,FLUTICASONE PROPIONATE AEROSOL for the treatment of adults with MILD TO MODERATE ASTHMA,MILD TO MODERATE ASTHMA,FLUTICASONE PROPIONATE AEROSOL
ANTIEPILEPTIC DRUG TREATMENT treats EPILEPSY,treats,0.99654575824488,"Marson A, Jacoby A, Johnson A, et al. Immediate versus deferred ANTIEPILEPTIC DRUG TREATMENT for early EPILEPSY and single seizures: a randomised controlled trial.",EPILEPSY,ANTIEPILEPTIC DRUG TREATMENT
EPHEDRINE treats SEASICKNESS,treats,0.99654575824488,As a motion sickness or [SEASICKNESS] remedy when used with [EPHEDRINE] or Pseudoephedrine.,SEASICKNESS,EPHEDRINE
MAINTENANCE CYCLOSPORINE THERAPY treats PSORIASIS,treats,0.995893206467704,"Ellis CN, Fradin MS, Hamilton TA et al. Duration of remission during MAINTENANCE CYCLOSPORINE THERAPY for PSORIASIS: relationship to maintenance dose and degree of improvement during initial therapy.",PSORIASIS,MAINTENANCE CYCLOSPORINE THERAPY
no_relation,treats,0.493196961916072,full immunization against flu provided about a 75 percent effectiveness rate in preventing [HOSPITALIZATIONS] from influenza complications in the 2005 6 and 2006 7 [INFLUENZA] seasons..,[INFLUENZA],[HOSPITALIZATIONS]
SODIUM OXYBATE treats CATAPLEXY,treats,0.9918365981341752,"SODIUM OXYBATE which is more commonly known as Œ≥ hydroxybutyrate (GHB), was once classified as a schedule I control substance but has been approved recently by the Food and Drug Administration (FDA) for the treatment of CATAPLEXY.",CATAPLEXY,SODIUM OXYBATE
PILOCARPINE treats XEROSTOMIA,treats,0.9970544855015808,PILOCARPINE may be prescribed to treat XEROSTOMIA,XEROSTOMIA,PILOCARPINE
RATIONALE • INTRALESIONAL VINBLASTINE treats AIDS ASSOCIATED KS,treats,1.0,RATIONALE • INTRALESIONAL VINBLASTINE has shown efficacy for the treatment of oral or cutaneous KS lesions in patients with AIDS ASSOCIATED KS,AIDS ASSOCIATED KS,RATIONALE • INTRALESIONAL VINBLASTINE
AZELAIC ACID treats ACNE VULGARIS,treats,0.997458699830735,Webster G: Combination AZELAIC ACID therapy for ACNE VULGARIS.,ACNE VULGARIS,AZELAIC ACID
ACEBUTOLOL treats HYPERTENSION,treats,0.9918365981341752,ACEBUTOLOL in the treatment of patients with HYPERTENSION and renal functional impairment.,HYPERTENSION,ACEBUTOLOL
CLONAZEPAM treats PANIC DISORDER,treats,0.9970544855015808,The alprazolam to CLONAZEPAM switch for the treatment of PANIC DISORDER,PANIC DISORDER,CLONAZEPAM
no_relation,treats,0.31622776601683805,Alternative to penicillin G for treatment of YAWS caused by  TREPONEMA PERTENUE.,YAWS,TREPONEMA PERTENUE
LIDOCAINE treats PAIN,treats,0.9897433186107868,This study concluded that the addition of LIDOCAINE significantly reduced the PAIN felt in the circulatory tract selected for the injection of propofol.,PAIN,LIDOCAINE
INTRAVENOUS VERAPAMIL THERAPY treats IMMINENT MYOCARDIAL INFARCTION,treats,0.9760921603577252,"Hasin Y, Freiman I, Schwarz T et al. INTRAVENOUS VERAPAMIL THERAPY in IMMINENT MYOCARDIAL INFARCTION",IMMINENT MYOCARDIAL INFARCTION,INTRAVENOUS VERAPAMIL THERAPY
FIRST LINE ANTITUBERCULOSIS DRUGS treats MYCOBACTERIUM TUBERCULOSIS,treats,0.9578262852211508,"Ruiz Serrano MJ, Alcala L, Martinez L et al. In vitro activities of six fluoroquinolones against 250 clinical isolates of   MYCOBACTERIUM TUBERCULOSIS  susceptible or resistant to FIRST LINE ANTITUBERCULOSIS DRUGS.",MYCOBACTERIUM TUBERCULOSIS,FIRST LINE ANTITUBERCULOSIS DRUGS
LOW MOLECULAR WEIGHT HEPARIN treats RECURRENT VENOUS THROMBOEMBOLISM,treats,0.993883734673619,LOW MOLECULAR WEIGHT HEPARIN versus a coumarin for the prevention of RECURRENT VENOUS THROMBOEMBOLISM in patients with cancer.,RECURRENT VENOUS THROMBOEMBOLISM,LOW MOLECULAR WEIGHT HEPARIN
QUINIDINE treats VENTRICULAR TACHYCARDIA (VT),treats,0.9838699100999068,The efficacy of mexiletine and QUINIDINE in controlling ventricular couplets (VC) and VENTRICULAR TACHYCARDIA (VT) was compared in 156 trials (78 for each drug) in 114 consecutive patients.,VENTRICULAR TACHYCARDIA (VT),QUINIDINE
[ORAL VITAMIN C] treats [FLARES],treats,0.9615239476408228,Some patients are able to prevent [FLARES] with use of topical sunscreens and [ORAL VITAMIN C].,[FLARES],[ORAL VITAMIN C]
INSULIN GLARGINE treats TYPE 1 DIABETES,treats,0.8219949365267859,"Heise T, Nosek L, Ronn BB et al. Lower within subject variability of insulin detemir in comparison to NPH insulin and INSULIN GLARGINE in people with TYPE 1 DIABETES",TYPE 1 DIABETES,INSULIN GLARGINE
CYCLOSPORINE treats GRAFT VERSUS HOST DISEASE,treats,0.940720868383597,"Nash RA, Pepe MS, Storb R, et al: Acute GRAFT VERSUS HOST DISEASE: analysis of risk factors after allogeneic marrow transplantation and prophylaxis with CYCLOSPORINE and methotrexate.",GRAFT VERSUS HOST DISEASE,CYCLOSPORINE
LUPEOL treats TUMOR,treats,1.0,"Recent clinical studies have verified that red alder contains betulin and [LUPEOL], compounds shown to be effective against a variety of [TUMOR]s.",TUMOR,LUPEOL
TRETINOIN 0.025% GEL treats FACIAL ACNE VULGARIS,treats,0.995893206467704,"Webster GF, Berson D, Stein LF et al. Efficacy and tolerability of once daily tazarotene 0.1% gel versus once daily TRETINOIN 0.025% GEL in the treatment of FACIAL ACNE VULGARIS: a randomized trial.",FACIAL ACNE VULGARIS,TRETINOIN 0.025% GEL
TRIAMCINOLONE ACETONIDE treats INFLAMMATION,treats,0.9058216273,Alleviates cystoid macular edema (tvml 137tvml ) Intravitreal corticosteroids: Triamcinolone acetonide  Decrease tissue response to INFLAMMATION; inhibit accumulation of inflammatory cells; inhibit lymphocyte function  TRIAMCINOLONE ACETONIDE 4 mg/0.1 mL  Reduction of anterior and intermediate uveitis.,INFLAMMATION,TRIAMCINOLONE ACETONIDE
no_relation,treats,0.676123403782813,[MAJOR BLEEDING] occurred significantly less often with [DABIGATRAN 110 MG] than warfarin; dabigatran 150 mg had similar bleeding to warfarin.,[MAJOR BLEEDING],[DABIGATRAN 110 MG]
HYDROCHLOROTHIAZIDE treats HYPERTENSION,treats,0.9901475429766742,The efficacy and tolerability of a fixed combination of 5 mg of cilazapril and 12.5 mg of HYDROCHLOROTHIAZIDE against HYPERTENSION was evaluated in 36 patients (26 men and 10 women) between 33 68 years old.,HYPERTENSION,HYDROCHLOROTHIAZIDE
no_relation,treats,0.493196961916072,Bile REFLUX TO THE STOMACH is believed as one of the important PATHOGENESIS OF RESIDUAL GASTRITIS however the prevention for bile reflux cannot always heal the gastritis.,REFLUX TO THE STOMACH,PATHOGENESIS OF RESIDUAL GASTRITIS
ACETAMINOPHEN treats PAIN,treats,0.9950371902,Will giving ACETAMINOPHEN prevent the PAIN of the immunization.,PAIN,ACETAMINOPHEN
[DADLE] treats [MEAN ARTERIAL BLOOD PRESSURE],treats,0.722315118514615,Treatment with [DADLE] results in transient depression of [MEAN ARTERIAL BLOOD PRESSURE] and heart rate.,[MEAN ARTERIAL BLOOD PRESSURE],[DADLE]
BALSALAZIDE treats ULCERATIVE COLITIS,treats,0.992277876713668,"Medications associated with PPD are reviewed and the patient's use of mesalamine and BALSALAZIDE for ULCERATIVE COLITIS are deemed potential triggers, given their relative similarity to aspirin, a known trigger of PPD.",ULCERATIVE COLITIS,BALSALAZIDE
FLUORIDE treats DENTAL CARIES,treats,0.994134846772434,This paper reviews the probable mechanism of DENTAL CARIES and the role of FLUORIDE in the inhibition or reversal of that process.,DENTAL CARIES,FLUORIDE
ORLISTAT treats OBESITY,treats,0.9578262852211508,"James WP, Avenell A, Broom J et al. A one-year trial to assess the value of ORLISTAT in the management of OBESITY",OBESITY,ORLISTAT
DOXEPIN treats DEPRESSION,treats,0.8427009716003839,"Dunner DL, Cohn JB, Walshe T et al. Two combined, multicenter double blind studies of paroxetine and DOXEPIN in geriatric patients with major DEPRESSION",DEPRESSION,DOXEPIN
ANTIARRHYTHMIC DRUGS treats REENTRANT ARRHYTHMIAS,treats,0.4313310928137539,Our results suggest that the heart rate dependence of REENTRANT ARRHYTHMIAS might be of prognostic value in the administration of ANTIARRHYTHMIC DRUGS,REENTRANT ARRHYTHMIAS,ANTIARRHYTHMIC DRUGS
no_relation,treats,0.3,"Its main usefulness is the treatment of hyperkinetic movement disorders such as Huntington's disease and [TOURETTE SYNDROME], rather than for conditions such as [SCHIZOPHRENIA].",SCHIZOPHRENIA,TOURETTE SYNDROME
ISOTRETINOIN treats ACNE,treats,0.979957887012223,Association of suicide attempts with ACNE and treatment with ISOTRETINOIN: retrospective Swedish cohort study,ACNE,ISOTRETINOIN
PRINDOLOL treats HYPERTENSION,treats,0.5570860145000001,"1 ,   2 ,   3 ,   4  Class:  beta Adrenergic Blocking Agents 24:24; CV100 (VA)  Synonyms:  PRINDOLOL; Pindolol; Viskazide; Visken  Uses  Hypertension  Management of HYPERTENSION (alone or in combination with other classes of antihypertensive agents.",HYPERTENSION,PRINDOLOL
METFORMIN treats TYPE 2 DIABETES,treats,0.995893206467704,"STUDY SELECTION  Clinical trials and cohort studies were selected if they included patients with TYPE 2 DIABETES lasted ≥ 1 month, compared METFORMIN alone or combined with other treatments with placebo or any other hypoglycemic therapy, and reported the number of patients and duration of treatment.",TYPE 2 DIABETES,METFORMIN
no_relation,diagnosis,0.5303300858899109,"Diagnosis specific malignancies available for evaluation included ALL, acute myeloid leukaemia (AML), Hodgkin's disease, NHL, rhabdomyosarcoma, neuroblastoma, retinoblastoma, OSTEOSARCOMA Wilms' tumour, RETINOBLASTOMA Ewings' sarcoma, central nervous system (CNS) tumours and hepatoblastoma.",OSTEOSARCOMA,RETINOBLASTOMA
no_relation,location,0.404519917477945,It is said that the JOINTS of the affected limb by poliomyelitis are protected from the development of OSTEOARTHRITIS,JOINTS,OSTEOARTHRITIS
no_relation,diagnosis,0.9237604307034007,"During ERGONOVINE test a patient with PRINZMETAL ANGINA presented (in I, aVL, V3 V6) ST downsloping which, after a temporary phase of alternative normalization (AST) beat to beat in V5, progressed to ST upsloping with typical angina.",PRINZMETAL ANGINA,ERGONOVINE
BRONCHIAL CARCINOMA diagnosis HEMOPTYSIS,diagnosis,0.308606699924184,"A chest x ray showing a large tumor like opacity in the left lower lobe and endoscopy visualizing a budding mass suggested a diagnosis of BRONCHIAL CARCINOMA in a 55 year old, tobacco smoking Cambodian who consulted for HEMOPTYSIS and altered general status.",HEMOPTYSIS,BRONCHIAL CARCINOMA
MYASTHENIA GRAVIS diagnosis INTRAVENOUS EDROPHONIUM CHLORIDE,diagnosis,1.0,Maximum velocity and amplitude of repetitive ( 1 per second) 30 degrees saccadic eye movements were quantitatively assessed for 4 minutes before and after INTRAVENOUS EDROPHONIUM CHLORIDE as a diagnostic test for MYASTHENIA GRAVIS,MYASTHENIA GRAVIS,INTRAVENOUS EDROPHONIUM CHLORIDE
no_relation,diagnosis,0.486664263392288,"Using standardised computer assisted face to face interviews, we determined and compared the prevalence of doctor diagnosed ATOPIC DISEASES (hay fever, asthma, ATOPIC DERMATITIS) in the study subjects and veterinarian diagnosed allergies in their pets.",ATOPIC DERMATITIS,ATOPIC DISEASES
OVARIES location OVARIAN ADENOCARCINOMA,location,0.944911182523068,"The autologous membrane bound antibodies strongly recognized cell surface antigens on four human ovarian cell lines and four surgical specimens of human OVARIAN ADENOCARCINOMA but did not react with normal human OVARIES non ovarian normal and neoplastic tissues, or non ovarian human cell lines by indirect immunofluorescence assay.",OVARIES,OVARIAN ADENOCARCINOMA
SKIN location PERSPIRATION,location,0.980196058819607,"It might take at least 12 days, when the pH of nitrite solution is lowered, for the concentration of NO to reach a level sufficiently high to activate guanylyl cyclase and so it seems unlikely that naturally circulating nitrite is involved in vasodilation in ischemic tissue through its conversion into NO. It is more realistic to consider that NO is produced at biologically significant concentrations from nitrite in PERSPIRATION on the SKIN",SKIN,PERSPIRATION
SMALL JOINTS OF THE HANDS location ARTHRITIS,location,0.8728715609439692,"The clinical features of the disease were morning stiffness, pain and limitation of motion of the dorsolumbar spine in four of the five members, associated with arthritis of the SMALL JOINTS OF THE HANDS in three, shoulder periARTHRITIS in two and costal cartilage pain in one.",SMALL JOINTS OF THE HANDS,ARTHRITIS
BONE location OSTEOMYELITIS,location,0.993883734673619,"As therapeutic agents of choice in the treatment of complicated infections, glycopeptide antibiotics are often preferentially used in cases of OSTEOMYELITIS an infection located in BONE and notoriously difficult to successfully manage.",BONE,OSTEOMYELITIS
JOINT location JOINT EFFUSION,location,0.7947194142390258,It has been reported that JOINT EFFUSION the excessive accumulation of joint fluid in and around the JOINT is related to temporomandibular joint (TMJ) disorders such as pain and disk displacement.,JOINT,JOINT EFFUSION
ANTIANGINAL EFFICACY diagnosis ANGINA DIARES,diagnosis,0.845154254728516,"ANTIANGINAL EFFICACY was assessed with ANGINA DIARES investigators, and patients global evaluations and with treadmill exercise test during placebo run in period and after 8 weeks of the therapy.",ANGINA DIARES,ANTIANGINAL EFFICACY
TUBERCULOSIS diagnosis TUBERCULIN TESTING,diagnosis,0.9594032236002472,TUBERCULOSIS was excluded by TUBERCULIN TESTING and bronchoalveolar lavage in both cases.,TUBERCULOSIS,TUBERCULIN TESTING
no_relation,diagnosis,0.34815531191139604,Serum or ASCITES ALPHA FETOPROTEIN (AFP) from patients with HEPATOCELLULAR CARCINOMA and from a cord blood were analyzed by affinity electrophoresis with two lectins mixed in agarose gel in a combination of concanavalin A (Con A) and Lens culinaris agglutinin A (LCA A) or of erythroagglutinating phytohemagglutinin (E PHA) and Allomyrina dichotoma lectin (allo A.,ASCITES ALPHA FETOPROTEIN,HEPATOCELLULAR CARCINOMA
no_relation,location,0.35921060405355,"This retrospective study correlated the mammographic manifestations and averaged nuclear grades using Holland, Van Nuys, and Lagios classifications in 37 cases of ductal carcinoma IN SITU (DCIS; microcalcifications alone were seen in 59.4%, MICROCALCIFICATIONS with associated mass in 19%, and mass alone in 21.6%.",MICROCALCIFICATIONS,IN SITU (DCIS)
JOINT location SEPTIC ARTHRITIS,location,0.919145030018058,BC]  Specific recommendation: ? Obtain joint fluid from the affected JOINT in all cases of suspected SEPTIC ARTHRITIS,JOINT,SEPTIC ARTHRITIS
no_relation,diagnosis,0.589767824619588,The screening usually consists of measuring thyroxin in dried blood spot specimens followed by measurement of thyrotropin if the results for THYROXIN are suggestive of HYPOTHYROIDISM,HYPOTHYROIDISM,THYROXIN
VASOVAGAL SYNCOPE diagnosis ISOPROTERENOL TEST,diagnosis,0.956182887467515,Thus the nitroglycerin test seems to be a useful alternative tool for diagnosis of VASOVAGAL SYNCOPE; it is equally specific but more sensitive and feasible than the ISOPROTERENOL TEST.,VASOVAGAL SYNCOPE,ISOPROTERENOL TEST
VASOVAGAL SYNCOPE diagnosis ISOPROTERENOL,diagnosis,0.9931270663228408,"Head up tilt table testing, either alone or with a graded dose infusion of ISOPROTERENOL is a useful diagnostic test for identifying persons who are susceptible to VASOVAGAL SYNCOPE",VASOVAGAL SYNCOPE,ISOPROTERENOL
NORMAL PALMAR SKIN location PALMAR LICHEN NITIDUS,location,0.3779644730092271,We conclude that this histopathologic feature in PALMAR LICHEN NITIDUS could be the result of the superimposition of lichen nitidus on NORMAL PALMAR SKIN resulting in a picture resembling hypertrophic lichen planus.,NORMAL PALMAR SKIN,PALMAR LICHEN NITIDUS
LUNGS location LUNG CANCER,location,0.8164965809277259,Quantitative counts of ferruginous bodies were performed on digests of LUNGS from 100 control and 30 LUNG CANCER patients.,LUNGS,LUNG CANCER
SODIUM FLUORIDE treats DENTAL CARIES,diagnosis,0.707106781186547,"A sample of 1,824 schoolchildren was randomly assigned to either the SODIUM FLUORIDE dentifrice or the stannous fluoride dentifrice and examined clinically and radiographically for DENTAL CARIES initially and after one, two, and three years of dentifrice usage.",DENTAL CARIES,SODIUM FLUORIDE
GLIOBLASTOMA MULTIFORME diagnosis MICROVASCULAR PROLIFERATION,diagnosis,0.6,The presence of MICROVASCULAR PROLIFERATION leads to the histological diagnosis of GLIOBLASTOMA MULTIFORME.,MICROVASCULAR PROLIFERATION,GLIOBLASTOMA MULTIFORME
TUBULOVILLOUS ADENOMA location HIGH GRADE DYSPLASIA,location,0.583459965991578,"A right hemicolectomy was performed, which revealed a TUBULOVILLOUS ADENOMA with HIGH GRADE DYSPLASIA located in the ascending colon, and a diffuse ischemic colitis.",HIGH GRADE DYSPLASIA,TUBULOVILLOUS ADENOMA
CHRONIC HEPATITIS diagnosis LIVER BIOPSY SPECIMEN,diagnosis,0.923380516876639,"In addition to the characterization of the degree of inflammation and fibrosis, the evaluation of a LIVER BIOPSY SPECIMEN from a patient with CHRONIC HEPATITIS includes a description of all of the findings present (e.g., steatosis, bile duct changes, granulomas, type of inflammatory cells, presence of iron, and Mallory hyaline) or a notation of their absence.",LIVER BIOPSY SPECIMEN,CHRONIC HEPATITIS
no_relation,diagnosis,0.301511344577764,"PDGFRA, PDGFRB, and EGFR were immunohistochemically, biochemically, cytogenetically, and mutationally analyzed along with the detection of their cognate ligands in 16 NEUROFIBROMATOSIS TYPE 1 (NF1) related and 11 sporadic MPNSTS",MPNSTS,NEUROFIBROMATOSIS TYPE 1
PAPAVERINE treats ERECTILE DYSFUNCTION,diagnosis,0.7559289460184542,To evaluate the use of papaverine induced erection as a diagnostic test in men with ERECTILE DYSFUNCTION 24 patients had PAPAVERINE injected into the corpus cavernosum.,ERECTILE DYSFUNCTION,PAPAVERINE
BONE location PSEUDARTHROSIS,location,0.309529293013655,Instability of BONE fragments is regarded as the most important factor in pathogenesis of PSEUDARTHROSIS,BONE,PSEUDARTHROSIS
no_relation,diagnosis,0.33333333333333304,"Visual evoked potentials (VEPs) produced by pattern reversal were compared with those elicited by onset of motion in 37 amblyopic children (20 with anisometropic amblyopia, seven with STRABISMIC AMBLYOPIA and 10 with both anisometropia and STRABISMUS",STRABISMIC AMBLYOPIA,STRABISMUS
no_relation,diagnosis,0.549442255794756,"a  Patch testing (e.g., 1% bacitracin in petrolatum) may be useful in diagnosing suspected ALLERGIC CONTACT DERMATITIS when HYPERSENSITIVITY to other topical antibiotics (e.g., neomycin) is suspected.",ALLERGIC CONTACT DERMATITIS,HYPERSENSITIVITY
no_relation,location,0.753778361444409,"In chronic active hepatitis of viral (132 cases) and autoimmune etiology livers (20 cases) with or without cirrhosis, the incidence of membranous expression of Lewis Y in clustered hepatocytes of viral and autoimmune etiology LIVERS was 21 and 0% of mild chronic active hepatitis; 69 and 25% of moderate degree; 85 and 50% of severe degree; and 87 and 100% of CIRRHOSIS respectively.",LIVERS,CIRRHOSIS
NERVOUS SYSTEM location NEUROLOGICAL DISEASES,location,0.889000889001333,This review summarizes the current knowledge of the function of microRNAs in the developing and adult NERVOUS SYSTEM and their potential contribution to the etiology of NEUROLOGICAL DISEASES,NERVOUS SYSTEM,NEUROLOGICAL DISEASES
TEETH location DENTAL PLAQUES,location,0.801783725737273,"DENTAL PLAQUES were detected in all the teeth under investigation, with the exception of impacted TEETH.",TEETH,DENTAL PLAQUES
no_relation,location,0.3651483716701111,"In order to objectify the degree of dysplasia, results of nuclear and cellular morphometry were compared with assessed grades of DYSPLASIA in 32 COLORECTAL ADENOMATOUS POLYPS",DYSPLASIA,COLORECTAL ADENOMATOUS POLYPS
TUBERCULOSIS diagnosis PPD SKIN TEST,diagnosis,0.936329177569044,"Lower fracture risk by arranging for home safety assessment and devices to improve gait stability, and by recommending tai chi or other balance exercises Arrange periodic ophthalmologic screening for cataracts (posterior subcapsular) and glaucoma to detect vision loss Anticipate reactivation of TUBERCULOSIS and obtain a PPD SKIN TEST before beginning high dose steroid therapy Recommend dietary modification to avoid weight gain and to monitor for hyperglycemic symptoms.",TUBERCULOSIS,PPD SKIN TEST
no_relation,diagnosis,0.34815531191139604,Ten patients were positive for antibodies to the HUMAN IMMUNODEFICIENCY VIRUS (HIV three were negative for antibodies to the HUMAN IMMUNODEFICIENCY VIRUS and ten refused testing.,HUMAN IMMUNODEFICIENCY VIRUS (HIV),HUMAN IMMUNODEFICIENCY VIRUS
OVARIAN MUCINOUS ADENOCARCINOMAS location ASCITES,location,0.707106781186547,"On cytology it was found that cancer cells in the ascites from OVARIAN MUCINOUS ADENOCARCINOMAS were HNF4 alpha positive, but tumor cells in ASCITES from other types of ovarian carcinomas were negative for HNF4 alpha.",ASCITES,OVARIAN MUCINOUS ADENOCARCINOMAS
LUNGS location IDIOPATHIC PULMONARY FIBROSIS,location,0.960768922830523,"HDGF was more highly expressed in the lungs of IDIOPATHIC PULMONARY FIBROSIS chiefly in the epithelial cells, than in control nonfibrotic LUNGS.",LUNGS,IDIOPATHIC PULMONARY FIBROSIS
LUNG location LUNG CANCER,location,0.9733285267845748,"The frequencies of abnormal transcripts were 59% in lung cancer, 35% in paired normal lung, and 64% in normal control lung; the difference in frequencies between LUNG cancer and paired normal lung was significant, while that between LUNG CANCER and normal control lung was not.",LUNG,LUNG CANCER
LIVER location HEPATOCELLULAR NECROSIS,location,0.964901281354015,"Furthermore, histological analyses verified significant HEPATOCELLULAR NECROSIS as well as enhanced myeloperoxidase staining in these LIVER specimens.",LIVER,HEPATOCELLULAR NECROSIS
no_relation,diagnosis,0.7427813527082071,When tolerant rats are later allowed to drink milk from a bottle in AN UNINTOXICATED STATE TOLERANCE IS LOST EVEN when drug exposure is held constant by ADMINISTRATION OF THE DRUG AFTER THE TEST.,ADMINISTRATION OF THE DRUG AFTER THE TEST,AN UNINTOXICATED STATE TOLERANCE IS LOST EVEN
BONE MARROW location LEUKEMIA,location,0.977355554850442,Short  and long term co cultures of 49 cases of human osteosarcoma cells with BONE MARROW or peripheral blood cells of patients with different types of LEUKEMIA were studied.,BONE MARROW,LEUKEMIA
BRAIN location EPILEPSY,location,0.529812942826018,"In the present study, the influence of organic alterations in the BRAIN on the age of manifestation of EPILEPSY was investigated by means of cranial computer tomography (CCT) in 307 children and adolescents.",BRAIN,EPILEPSY
no_relation,diagnosis,0.927172649945531,The effect of repeated transient global ischemia and microdialysis on changes in aminergic neurotransmitter release was investigated using the RAT FOUR VESSEL OCCLUSION MODEL of global ISCHEMIA,RAT FOUR VESSEL OCCLUSION MODEL,ISCHEMIA
SKIN location URTICARIA,location,0.956182887467515,Repeated exposures over a period of hours induce a state of tolerance in the SKIN so that URTICARIA fails to develop.,SKIN,URTICARIA
no_relation,diagnosis,0.493196961916072,"To define patients with an ascitic fluid polymorphonuclear cell count &gt; or = 250 cells/mm3 or &gt; or = 500 cells/mm3 but without spontaneous bacterial peritonitis, 166 patients with STERILE CIRRHOTIC AScites, 46 patients with spontaneous bacterial peritonitis, 123 patients WITH HEPATOCELLULAR CARCinoma, 67 patients with peritoneal carcinomatosis or massive liver metastasis and 12 patients with other miscellaneous diseases were studied.",STERILE CIRRHOTIC AS,WITH HEPATOCELLULAR CARC
no_relation,diagnosis,0.802955068546966,This article concerns the electrocardiogram in ventricular tachycardias with two themes: differentiAL DIAGNOSIS Of wide QRS complex TACHYCARDIAS AND RECOGNITION OF THE SITE OF origin of a ventricular tachycardia.,TACHYCARDIAS AND RECOGNITION OF THE SITE OF,AL DIAGNOSIS O
STOMACH location EARLY GASTRIC CANCER,location,0.9539980920057242,We studied the clinicopathological features of four EARLY GASTRIC CANCER patients with DSCs in the submucosal layer of the STOMACH,STOMACH,EARLY GASTRIC CANCER
no_relation,location,0.308606699924184,"We propose, therefore, that the preferential impairment of the oxidative and secretory responses of ISLET CELLS to D glucose in this experimental model of DIABETES may be at least partly attributable to an altered transfer of reducing equivalents into the mitochondria as mediated by the glycerol phosphate shuttle.",ISLET CELLS,DIABETES
KIDNEYS location PYELONEPHRITIS,location,0.9237604307034007,"In the pathogenesis of glomerulonephritis, acute renal failure, PYELONEPHRITIS and other diseases of the KIDNEYS oxygen radicals are involved.",KIDNEYS,PYELONEPHRITIS
no_relation,location,0.371390676354104,"The clinicopathologic features of intestinal type adenocarcinoma have been well documented in the stomach, and INTESTINAL METAPLASIA and INTESTINAL TYPE ADENOCARCINOMA has also been reported in the gallbladder.",INTESTINAL METAPLASIA,INTESTINAL TYPE ADENOCARCINOMA
MIDDLE AND LOWER ESOPHAGUS location ESOPHAGEAL TUMOR,location,0.9838699100999068,The ESOPHAGEAL TUMOR showed a fungating growth at the junction of the MIDDLE AND LOWER ESOPHAGUS and was composed microscopically of submucosal multiple nests with solid and cribriform like patterns accompanied with a small focus of squamous cell carcinoma adjacent to the overlying esophageal epithelium.,MIDDLE AND LOWER ESOPHAGUS,ESOPHAGEAL TUMOR
BRAIN location STROKE,location,0.8082903768654759,"The restoration of blood flow to a part of the body previously deprived of adequate circulation, such as the heart muscle (in myocardial infarction) or the BRAIN (in STROKE",BRAIN,STROKE
SKIN location ECZEMA,location,0.964763821237732,"All patients had ECZEMA on their hands; in addition, 4 had SKIN symptoms on airborne areas, i.e., wrists, neck and face.",SKIN,ECZEMA
CUSHING'S SYNDROME diagnosis METYRAPONE TESTING TESTING,diagnosis,1.0,"Differential diagnosis of CUSHING'S SYNDROME involves: plasma ACTH level determination, high dose dexamethasone testing, METYRAPONE TESTING TESTING with CRH, testing with vasopressin or combination, and finally, bilateral simultaneous petrosal sinus sampling with CRH stimulation.",CUSHING'S SYNDROME,METYRAPONE TESTING TESTING
no_relation,diagnosis,0.33333333333333304,"A VIRUS isolation was not possible, so that the definite PROOF OF A VIRAL INFECTION OF SHML could not be demonstrated.",VIRUS,PROOF OF A VIRAL INFECTION OF SHML
no_relation,diagnosis,0.629940788348712,In HYPERTENSIVE CRISIS evaluation for SECONDARY HYPERTENSION should be deferred until the patient is stable.,SECONDARY HYPERTENSION,HYPERTENSIVE CRISIS
MALIGNANT HYPERTHERMIA diagnosis HALOTHANE,diagnosis,0.9901475429766742,By the HALOTHANE test we determined the development of the syndrome of MALIGNANT HYPERTHERMIA in pigs of the Belgian Landrace breed with body weight of 20 kg.,MALIGNANT HYPERTHERMIA,HALOTHANE
no_relation,location,0.514495755427526,"Because of the extreme sensitivity of the thyroid gland in children, there is a risk OF RADIATION INDUCED THYROID CANCER EVEN WHEN THE THYROID GLAND IS OUTSIDE OF the irradiated field.",EVEN WHEN THE THYROID GLAND IS OUTSIDE OF,OF RADIATION INDUCED THYROID CANCER
BRONCHIAL HYPERREACTIVITY diagnosis METHACHOLINE CHLORIDE SOLUTIONS,diagnosis,1.0,METHACHOLINE CHLORIDE SOLUTIONS routinely used for testing BRONCHIAL HYPERREACTIVITY have been shown to degrade over time.,BRONCHIAL HYPERREACTIVITY,METHACHOLINE CHLORIDE SOLUTIONS
SKIN location LICHENOID ERUPTION,location,0.768349819927832,Histological examination of the SKIN was consistent with a LICHENOID ERUPTION in all cases.,SKIN,LICHENOID ERUPTION
no_relation,diagnosis,0.381000381000572,"Improvement of polycythemia was observed in all 5 patients with polycythemia vera, and reduction of THROMBOCYTOSIS was observed in 5 out of 6 patients with ESSENTIAL THROMBOCYTHEMIA and myelofibrosis.",THROMBOCYTOSIS,ESSENTIAL THROMBOCYTHEMIA
no_relation,diagnosis,0.98058067569092,These cases highlight the importance of considering PTLD in the differential diagnosis of LYMPHADENOPATHY and fever post ASCT.,LYMPHADENOPATHY,PTLD
PROSTATES location PROSTATIC CARCINOMAS,location,0.979957887012223,We investigate the presence of HPV in 60 prostatic benign hyperplasias and in 5 PROSTATIC CARCINOMAS in surgically resected PROSTATES by PCR technique using consensus and type specific primers.,PROSTATES,PROSTATIC CARCINOMAS
MALIGNANT HYPERTHERMIA diagnosis HALOTHANE,diagnosis,0.9931270663228408,MALIGNANT HYPERTHERMIA susceptibility was assessed by HALOTHANE challenge of pigs.,MALIGNANT HYPERTHERMIA,HALOTHANE
KNEE JOINTS location CLINICAL ARTHRITIS,location,0.975900072948533,"Shortly after intravenous injection of 99mTechnetium pertechnetate (99mTcO4 )(200 muCi), the activity of the KNEE JOINTS was studied in patients with CLINICAL ARTHRITIS of one or both knees and compared with that in normal subjects.",KNEE JOINTS,CLINICAL ARTHRITIS
CHRONIC LYMPHOCYTIC LEUKEMIA diagnosis BILATERAL GROIN ADENOPATHY,diagnosis,0.784464540552736,"Five months later, BILATERAL GROIN ADENOPATHY was biopsy proven to be metastatic melanoma and CHRONIC LYMPHOCYTIC LEUKEMIA and the patient died 8 months after the radical vulvectomy.",BILATERAL GROIN ADENOPATHY,CHRONIC LYMPHOCYTIC LEUKEMIA
ASCITES location HEPATOMA,location,0.78086880944303,The activities of nucleoside diphosphatase in various rat ASCITES cells of HEPATOMA and fetal and neonatal rat liver were much lower than that of normal adult rat liver.,ASCITES,HEPATOMA
MYASTHENIA GRAVIS diagnosis EDROPHONIUM (TENSILON) TEST,diagnosis,1.0,A bedside EDROPHONIUM (TENSILON) TEST in our emergency department confirmed the diagnosis of MYASTHENIA GRAVIS,MYASTHENIA GRAVIS,EDROPHONIUM (TENSILON) TEST
STOMACH location GASTRIC CARCINOMA,location,0.984731927834662,"Applications of endoscopic US in the STOMACH include staging of GASTRIC CARCINOMA localization and characterization of nonmucosal gastric masses, detection and evaluation of gastric varices, and evaluation of gastric lymphoma.",STOMACH,GASTRIC CARCINOMA
BONE MARROW location MYELOGENOUS LEUKEMIA,location,0.848528137423857,This study shows that both recombinant human interleukin (rhIL)3 and rhIL4 induced proliferation in BONE MARROW (BM) cells of MYELOGENOUS LEUKEMIA patients in a manner similar to that reported using normal BM cells.,BONE MARROW,MYELOGENOUS LEUKEMIA
no_relation,diagnosis,0.387298334620742,We collected resource use data prospectively for 930 patients alongside a multinational trial of ZOLEDRONIC ACID versus pamidronate for patients with METASTATIC MULTIPLE MYELOMA or breast cancer and > or =1 bone lesion.,METASTATIC MULTIPLE MYELOMA,ZOLEDRONIC ACID
SKIN location GENERALIZED HIVES,location,0.9830783046228492,"Acute onset of an illness (over minutes to several hours) involving the SKIN mucosal tissue, or both (e.g., GENERALIZED HIVES; pruritus or flushing; swollen lips, tongue, or uvula) and at least one of the following:  a.",SKIN,GENERALIZED HIVES
CEREBELLUM location CEREBELLAR ATAXIA,location,0.855186110494136,The laterality of CEREBELLAR ATAXIA was significantly correlated with AI in the CEREBELLUM in patients with sOPCA.,CEREBELLUM,CEREBELLAR ATAXIA
BREAST EPITHELIAL STEM CELLS location BREAST CANCER,location,0.9494253265550828,BREAST EPITHELIAL STEM CELLS are thought to be the primary targets in the aetiology of BREAST CANCER,BREAST EPITHELIAL STEM CELLS,BREAST CANCER
PRINZMETAL VARIANT ANGINA diagnosis ERGOMETRINE,diagnosis,0.970142500145332,"ERGOMETRINE is currently used as a test for PRINZMETAL VARIANT ANGINA causing specifically a coronary artery spasm in these patients, even if the mechanism of this drug on coronaries is still unclear.",PRINZMETAL VARIANT ANGINA,ERGOMETRINE
LATENT HYPERCORTISOLISM diagnosis DEXAMETHASONE,diagnosis,0.99654575824488,"The crucial points of the French consensus are: the usefulness of CT scanning evaluation of adrenal incidentalomas, the systematic screening for pheochromocytoma, the usefulness of the 1mg overnight DEXAMETHASONE test to screen for LATENT HYPERCORTISOLISM the difficulty to interpret mild biological abnormalities of the HPA axis, the consensus to remove surgically most of tumours greater than 4cm, the necessity to follow clinically glucorticoid tissular targets in the follow up of non operated benign adrenocortical incidentalomas.",LATENT HYPERCORTISOLISM,DEXAMETHASONE
BLADDER location BLADDER INJURY,location,1.0,Intraperitoneal rupture usually involves the bladder dome; it often occurs when the bladder is distended at the time of trauma and is the most common BLADDER INJURY in children because the BLADDER lies in the abdomen.,BLADDER,BLADDER INJURY
no_relation,location,0.508000508000762,Because histologically prominent MICROVASCULAR PROLIFERATION is frequently present in GLIOBLASTOMA MULTIFORME it has been hypothesized that this neoplasm is particularly dependent on neovascularization for its continued growth and that antiangiogenic therapy might be especially useful.,MICROVASCULAR PROLIFERATION,GLIOBLASTOMA MULTIFORME
MAGNESIUM DEFICIENCY diagnosis MAGNESIUM TOLERANCE TEST,diagnosis,0.987878339907213,"The diagnosis of MAGNESIUM DEFICIENCY is usually made by a low serum magnesium concentration, although the MAGNESIUM TOLERANCE TEST may be more indicative of low magnesium states.",MAGNESIUM DEFICIENCY,MAGNESIUM TOLERANCE TEST
VENOUS THROMBOSIS diagnosis THROMBOSED VEINS,diagnosis,0.43301270189221897,"In three patients THROMBOSED VEINS were documented by venography and in all five cases, the presence of VENOUS THROMBOSIS was substantiated by the clinical findings.",THROMBOSED VEINS,VENOUS THROMBOSIS
no_relation,location,0.304997140665209,"Affinity labelling with a 125I labelled photoactive derivative of TSH (HSAB TSH) was used to analyse TSH receptor size in the following specimens of human thyroid tissue: (1) COLD NODULES; (2) autonomous nodules; (3) papillary carcinoma; (4) MEDULLARY CARCINOMA; (5) metastasis of papillary carcinoma to lymph node; (6) anaplastic carcinoma, and (7) Graves' thyroid.",COLD NODULES,MEDULLARY CARCINOMA
SYPHILIS diagnosis TREPONEMA PALLIDUM,diagnosis,0.9237604307034007,The CAPTIA Syphilis G enzyme immunoassay for the detection of antibodies to TREPONEMA PALLIDUM was evaluated as a screening test for SYPHILIS in comparison with the standard rapid plasma reagin (RPR) test.,TREPONEMA PALLIDUM,SYPHILIS
LUNGS location LUNG CANCER,location,0.981980506061966,The distribution of ferruginous bodies in the LUNGS of ten LUNG CANCER patients with definite occupational history of asbestos exposure and the kind of core fibers in the center of the ferruginous bodies were evaluated.,LUNGS,LUNG CANCER
MICROCALCIFICATION diagnosis DCIS,diagnosis,0.37210420376762493,"If only these 139 'true negative' screens are analysed, similar associations are seen between microcalcification on previous films and subsequent finding of DCIS (P=0.03) and between MICROCALCIFICATION on previous films and high grade invasive ductal carcinomas (P=0.015.",MICROCALCIFICATION,DCIS
TENDONS location TENDON RUPTURE,location,0.762000762001143,Subsequent TENDON RUPTURE was minimal and even TENDONS found to be thinned out at the time of surgery remained intact.,TENDONS,TENDON RUPTURE
HISTOPLASMOSIS diagnosis HISTOPLASMIN,diagnosis,0.942809041582064,The second was composed of 15 cases of HISTOPLASMOSIS with strong HISTOPLASMIN skin tests.,HISTOPLASMOSIS,HISTOPLASMIN
TUBERCULOSIS diagnosis TUBERCULIN TESTING,diagnosis,0.9878291611472622,"In 1954, 70 of the 210 survey areas of the previous year were re surveyed in order to assess the trends in types and extent of tuberculosis and in reactions to TUBERCULIN TESTING during the year and to determine the TUBERCULOSIS incidence.",TUBERCULOSIS,TUBERCULIN TESTING
no_relation,location,0.3396831102433789,The authors investigated the role of somatic mutations of the NEUROFIBROMATOSIS TYPE 2 (NF2) gene in SPORADIC MENINGIOMA,SPORADIC MENINGIOMA,NEUROFIBROMATOSIS TYPE 2
BRAIN location SSPE BRAIN TISSUES,location,0.911684611677103,"Moreover, the formation of large nuclear inclusions filled with smooth filaments appears to be a characteristic process of SSPE, but not of measles, since this type of inclusion is invariably seen in SSPE BRAIN TISSUES BRAIN cultures derived from them, and CV 1 cells infected with SSPE viruses.",BRAIN,SSPE BRAIN TISSUES
no_relation,location,0.78086880944303,"However, madarosis may be the presenting sign of DLE in the absence of any history of preceding erythema and scarring and should therefore be considered in the differential diagnosis of chronic BLEPHARITIS that persists despite usual medical management and EYELID hygiene.",EYELID,BLEPHARITIS
SEGMENTAL BRONCHI location BRONCHIECTASIS,location,0.744208407535251,"Of the 101 SEGMENTAL BRONCHI showing bronchiectasis on bronchography, CT correctly identified BRONCHIECTASIS in 98 segments (97%.",SEGMENTAL BRONCHI,BRONCHIECTASIS
no_relation,location,0.8888888888888891,CIS is found in the CONTRALATERAL TESTIS in 5% of the patients with TESTICULAR GERM CELL CANCER,CONTRALATERAL TESTIS,TESTICULAR GERM CELL CANCER
ERECTILE DYSFUNCTION diagnosis INTRACORPOREAL PAPAVERINE,diagnosis,0.997458699830735,INTRACORPOREAL PAPAVERINE has been used as an out patient procedure to assess the ERECTILE DYSFUNCTION of 129 men.,ERECTILE DYSFUNCTION,INTRACORPOREAL PAPAVERINE
TUBERCULOSIS diagnosis TUBERCULIN,diagnosis,0.9760921603577252,"Current diagnostic tests for tuberculosis based on TUBERCULIN have poor specificity, and both BCG vaccination and exposure to non TUBERCULOSIS mycobacteria produce a response similar to that induced by infection with Mycobacterium tuberculosis.",TUBERCULOSIS,TUBERCULIN
BONE CELLS location OSTEOPOROSIS,location,0.7947194142390258,"Interleukin 6 (IL 6) is an attractive candidate gene for osteoporosis susceptibility, because it has effects on BONE CELLS and has been implicated in the pathogenesis of OSTEOPOROSIS",BONE CELLS,OSTEOPOROSIS
ANTIGENIC PROPERTIES OF SKIN diagnosis SKIN SPECIFIC PEMPHIGUS VULGARIS,diagnosis,0.6454972243679029,The possibility that the distribution of skin lesions in some cutaneous diseases is due to variations in the ANTIGENIC PROPERTIES OF SKIN was investigated by mapping the expression of the SKIN SPECIFIC PEMPHIGUS VULGARIS and bullous pemphigoid antigens in different regions of the body.,ANTIGENIC PROPERTIES OF SKIN,SKIN SPECIFIC PEMPHIGUS VULGARIS
MALIGNANT HYPERTHERMIA SYNDROME diagnosis HALOTHANE,diagnosis,0.997054485501582,"At the end of the growth period, when the pigs were challenged with HALOTHANE to detect the MALIGNANT HYPERTHERMIA SYNDROME 3 pigs were found to be susceptible.",MALIGNANT HYPERTHERMIA SYNDROME,HALOTHANE
JOINTS location ARTHRITIS,location,0.940720868383597,"Among them, the most common include ARTHRITIS of the large and medium sized JOINTS in FMF and CINCA, arthralgia in HIDS, and myalgia or pseudo fasciitis in TRAPS.",JOINTS,ARTHRITIS
CERVIX location CERVICAL INTRAEPITHELIAL NEOPLASIA (CIN I),location,0.8846517369293829,"Altogether, 1924 women were studied: 42.8% with a normal CERVIX 16.2% with CERVICAL INTRAEPITHELIAL NEOPLASIA (CIN I), 12.7% with CIN II, 20.8% with CIN III, and 7.6% with invasive cervical cancer (ICC.",CERVIX,CERVICAL INTRAEPITHELIAL NEOPLASIA (CIN I)
no_relation,diagnosis,0.42857142857142894,"Recent studies indicate, however, that the prevalence and, to a lesser extent, the intensity of DENTAL FLUOROSIS have increased in schoolchildren in both fluoridated and FLUORIDE DEFICIENT AREAS.",FLUORIDE DEFICIENT AREAS,DENTAL FLUOROSIS
no_relation,diagnosis,0.356034497458156,KTA7 was considered to be derived from large cell undifferentiated carcinoma with neuroendocrine differentiation (large cell neuroendocrine tumor) and thus may fine use in studies on the pathobiology of LARGE CELL TYPE NEUROENDOCRINE TUMORS since it expresses at the same time marker substances of NEUROENDOCRINE DIFFERENTIATION and the hCG alpha subunit.,NEUROENDOCRINE DIFFERENTIATION,LARGE CELL TYPE NEUROENDOCRINE TUMORS
CRANIAL NERVES location NEURO OPHTHALMOLOGIC AND CRANIAL NERVE DISORDERS,location,0.918558653543692,PERIPHERAL NERVOUS SYSTEM DISORDERS  INTRODUCTION  The peripheral nervous system refers to the CRANIAL NERVES (see  NEURO OPHTHALMOLOGIC AND CRANIAL NERVE DISORDERS and spinal nerves from their origin to their end.,CRANIAL NERVES,NEURO OPHTHALMOLOGIC AND CRANIAL NERVE DISORDERS
no_relation,location,0.676123403782813,Many similarities exist between cerebral ischemia and EPILEPSY regarding BRAIN-damaging and auto-protective mechanisms that are activated following the injurious insult,BRAIN,EPILEPSY
no_relation,location,0.7184212081071,"A diagnosis of CHRONIC EOSINOPHILIC LEUKAEMIA was made on the basis of myeloproliferative involvement of both peripheral blood and BONE MARROW, associated with eosinophilic differentiation and a t(5;12)(q33;p13) translocation",BONE MARROW,CHRONIC EOSINOPHILIC LEUKAEMIA
TEMPORAL LOBE location TEMPORAL LOBE EPILEPSY,location,0.8846517369293829,"In TEMPORAL LOBE EPILEPSY, excitatory amino acid receptors in the hippocampus and TEMPORAL LOBE may contribute to both increased excitability and vulnerability to excitotoxic damage",TEMPORAL LOBE,TEMPORAL LOBE EPILEPSY
LIVER location HEPATIC METASTASIS,location,0.956182887467515,A 45-year-old woman underwent a resection for a HEPATIC METASTASIS of the LIVER caused by a carcinoma of the colon,LIVER,HEPATIC METASTASIS
SPINAL CORD location NEUROMYELITIS OPTICA,diagnosis,0.452267016866645,"Recognizing that the patient's disease was localized only to the SPINAL CORD led to an eventual serological diagnosis of NEUROMYELITIS OPTICA (Devic's disease), a demyelinating syndrome that is now considered distinct from multiple sclerosis and that primarily affects the spinal cord and optic nerves",SPINAL CORD,NEUROMYELITIS OPTICA
BRAINS location SENILE DEMENTIA,location,0.919145030018058,Blood vessels with amyloid angiopathy and senile plaques in the cortices of the BRAINS with Alzheimer's disease and SENILE DEMENTIA were observed by means of a scanning electron microscope,BRAINS,SENILE DEMENTIA
PANCREAS location PANCREATITIS,location,0.6488856845230501,"The changes in ductal vascularity correlated with the severity of the histological changes to the PANCREAS and may, thus, in part explain the progress of PANCREATITIS",PANCREAS,PANCREATITIS
no_relation,location,0.557086014531156,Urokinase versus TISSUE PLASMINOGEN ACTIVATOR in PULMONARY EMBOLISM,PULMONARY EMBOLISM,TISSUE PLASMINOGEN ACTIVATOR
no_relation,diagnosis,0.609994281330419,"We tried to detect salivary cortisol level with drug loading test(DEXAMETHASONE for CUSHING SYNDROME, and ACTH for adrenal insufficiency) with time interval",CUSHING SYNDROME,DEXAMETHASONE
VASOSPASTIC ANGINA diagnosis ERGONOVINE,diagnosis,0.975900072948533,"These results suggest that the two provocative tests for coronary spasm that involve acetylcholine and ERGONOVINE are clinically useful in the diagnosis of VASOSPASTIC ANGINA, but testing with intracoronary ergonovine is needed when a spontaneous focal coronary spasm is relieved by the intracoronary injection of acetylcholine",VASOSPASTIC ANGINA,ERGONOVINE
BONE location OSTEOPOROSIS,location,0.7453559925,The aim of this paper is to present the current state of knowledge on the biochemical markers of BONE turnover and their place at diagnosis and treatment of OSTEOPOROSIS,BONE,OSTEOPOROSIS
CONTROLLED TRIAL OF NORFLOXACIN AND AMOXYCILLIN IN treats TREATMENT OF UNCOMPLICATED URINARY TRACT INFECTION IN THE ELDERLY,diagnosis,0.4866642634,"Hill S, Yeates M, Pathy J et al. A CONTROLLED TRIAL OF NORFLOXACIN AND AMOXYCILLIN IN the TREATMENT OF UNCOMPLICATED URINARY TRACT INFECTION IN THE ELDERLY.",TREATMENT OF UNCOMPLICATED URINARY TRACT INFECTION IN THE ELDERLY,CONTROLLED TRIAL OF NORFLOXACIN AND AMOXYCILLIN IN
TUBERCULOSIS diagnose_by_test_or_drug N PURIFIED PROTEIN DERIVATIV,diagnosis,0.9615239476,"In contemporary skin tests for TUBERCULOSIS Koch's, or old, tuberculin has been replaced by tuberculiN PURIFIED PROTEIN DERIVATIVe.",TUBERCULOSIS,N PURIFIED PROTEIN DERIVATIV
DEPRESSION diagnose_by_test_or_drug DEXAMETHASONE,diagnosis,0.990147543,"The DEXAMETHASONE suppression test for the detection, diagnosis, and managemnt of DEPRESSION",DEPRESSION,DEXAMETHASONE
TESTES location SPERMATOGENIC ARREST,location,0.7844645406,Further analysis of abnormal expression in infertile male patients revealed complete absence of NYD SP16 in the TESTES of patients with Sertoli cell only syndrome and variable expression in patients with SPERMATOGENIC ARREST,TESTES,SPERMATOGENIC ARREST
